{
  "type": "query",
  "is_active": true,
  "x": 315.84219533686644,
  "y": 551.5488850481238,
  "group_id": null
}